{
  "water": 500,
  "milk": 500,
  "coffee": 610,
  "menu": {
    "espresso": {
      "water": 50,
      "milk": 0,
      "coffee": 18,
      "cost": 150
    },
    "latte": {
      "water": 200,
      "milk": 150,
      "coffee": 24,
      "cost": 250
    },
    "cappuccino": {
      "water": 250,
      "milk": 100,
      "coffee": 24,
      "cost": 300
    },
    "iced-coffee": {
      "water": 200,
      "milk": 100,
      "coffee": 50,
      "cost": 220.0
    }
  }
}